subject,predicate,object
http://dbpedia.org/ontology/Place,http://www.w3.org/2002/07/owl#equivalentClass,https://www.wikidata.org/wiki/Q17334923
http://dbpedia.org/ontology/Publisher,http://www.w3.org/2002/07/owl#equivalentClass,https://www.wikidata.org/wiki/Q2085381
http://dbpedia.org/ontology/Genre,http://www.w3.org/2002/07/owl#equivalentClass,https://www.wikidata.org/wiki/Q483394
http://dbpedia.org/ontology/Type,http://www.w3.org/2002/07/owl#equivalentClass,https://www.wikidata.org/wiki/Q217594
http://dbpedia.org/ontology/Agglomeration,http://www.w3.org/2002/07/owl#equivalentClass,https://www.wikidata.org/wiki/Q393217
http://dbpedia.org/ontology/AmateurBoxer,http://www.w3.org/2000/01/rdf-schema#subClassOf,https://www.wikidata.org/wiki/Q2066131
http://dbpedia.org/ontology/AmericanFootballCoach,http://www.w3.org/2000/01/rdf-schema#subClassOf,https://www.wikidata.org/wiki/Q41583
http://dbpedia.org/ontology/AmericanFootballTeam,http://www.w3.org/2002/07/owl#equivalentClass,https://www.wikidata.org/wiki/Q17156793
http://dbpedia.org/ontology/AmusementParkAttraction,http://www.w3.org/2004/02/skos/core#broader,https://www.wikidata.org/wiki/Q1144661
http://dbpedia.org/ontology/ArcherPlayer,http://www.w3.org/2000/01/rdf-schema#subClassOf,https://www.wikidata.org/wiki/Q2066131
http://dbpedia.org/ontology/ArchitecturalStructure,http://www.w3.org/2002/07/owl#equivalentClass,https://www.wikidata.org/wiki/Q811979
http://dbpedia.org/ontology/Arena,http://www.w3.org/2002/07/owl#equivalentClass,https://www.wikidata.org/wiki/Q641226
http://dbpedia.org/ontology/Aristocrat,http://www.w3.org/2002/07/owl#equivalentClass,https://www.wikidata.org/wiki/Q2478141
http://dbpedia.org/ontology/Arrondissement,http://www.w3.org/2002/07/owl#equivalentClass,https://www.wikidata.org/wiki/Q30059
http://dbpedia.org/ontology/ArtisticGenre,http://www.w3.org/2002/07/owl#equivalentClass,https://www.wikidata.org/wiki/Q1792379
http://dbpedia.org/ontology/Athlete,http://www.w3.org/2002/07/owl#equivalentClass,https://www.wikidata.org/wiki/Q2066131
http://dbpedia.org/ontology/AthleticsPlayer,http://www.w3.org/2000/01/rdf-schema#subClassOf,https://www.wikidata.org/wiki/Q2066131
http://dbpedia.org/ontology/Attack,http://www.w3.org/2002/07/owl#equivalentClass,https://www.wikidata.org/wiki/Q81672
http://dbpedia.org/ontology/AustralianFootballTeam,http://www.w3.org/2002/07/owl#equivalentClass,https://www.wikidata.org/wiki/Q17374546
http://dbpedia.org/ontology/AutoRacingLeague,http://www.w3.org/2000/01/rdf-schema#subClassOf,https://www.wikidata.org/wiki/Q500834
http://dbpedia.org/ontology/BackScene,http://www.w3.org/2000/01/rdf-schema#subClassOf,https://www.wikidata.org/wiki/Q2972150
http://dbpedia.org/ontology/BadmintonPlayer,http://www.w3.org/2002/07/owl#equivalentClass,https://www.wikidata.org/wiki/Q13141064
http://dbpedia.org/ontology/BaseballSeason,http://www.w3.org/2000/01/rdf-schema#subClassOf,https://www.wikidata.org/wiki/Q1539532
http://dbpedia.org/ontology/BaseballTeam,http://www.w3.org/2002/07/owl#equivalentClass,https://www.wikidata.org/wiki/Q13027888
http://dbpedia.org/ontology/BasketballLeague,http://www.w3.org/2002/07/owl#equivalentClass,https://www.wikidata.org/wiki/Q18536323
http://dbpedia.org/ontology/BasketballTeam,http://www.w3.org/2002/07/owl#equivalentClass,https://www.wikidata.org/wiki/Q13393265
http://dbpedia.org/ontology/BeachVolleyballPlayer,http://www.w3.org/2002/07/owl#equivalentClass,https://www.wikidata.org/wiki/Q17361156
http://dbpedia.org/ontology/BeautyQueen,http://www.w3.org/2000/01/rdf-schema#subClassOf,https://www.wikidata.org/wiki/Property:P1346
http://dbpedia.org/ontology/Biathlete,http://www.w3.org/2002/07/owl#equivalentClass,https://www.wikidata.org/wiki/Q16029547
http://dbpedia.org/ontology/BiologicalDatabase,http://www.w3.org/2002/07/owl#equivalentClass,https://www.wikidata.org/wiki/Q4117139
http://dbpedia.org/ontology/BloodVessel,http://www.w3.org/2002/07/owl#equivalentClass,https://www.wikidata.org/wiki/Q988343
http://dbpedia.org/ontology/BobsleighAthlete,http://www.w3.org/2000/01/rdf-schema#subClassOf,https://www.wikidata.org/wiki/Q2066131
http://dbpedia.org/ontology/BowlingLeague,http://www.w3.org/2002/07/owl#equivalentClass,https://www.wikidata.org/wiki/Q4951251
http://dbpedia.org/ontology/Boxer,http://www.w3.org/2002/07/owl#equivalentClass,https://www.wikidata.org/wiki/Q11338576
http://dbpedia.org/ontology/BoxingCategory,http://www.w3.org/2002/07/owl#equivalentClass,https://www.wikidata.org/wiki/Q1326107
http://dbpedia.org/ontology/BoxingLeague,http://www.w3.org/2000/01/rdf-schema#subClassOf,https://www.wikidata.org/wiki/Q500834
http://dbpedia.org/ontology/BoxingStyle,http://www.w3.org/2004/02/skos/core#broader,https://www.wikidata.org/wiki/Q32112
http://dbpedia.org/ontology/BullFighter,http://www.w3.org/2002/07/owl#equivalentClass,https://www.wikidata.org/wiki/Q3419806
http://dbpedia.org/ontology/BusCompany,http://www.w3.org/2002/07/owl#equivalentClass,https://www.wikidata.org/wiki/Q10438042
http://dbpedia.org/ontology/BusinessPerson,http://www.w3.org/2002/07/owl#equivalentClass,https://www.wikidata.org/wiki/Q43845
http://dbpedia.org/ontology/CanadianFootballPlayer,http://www.w3.org/2002/07/owl#equivalentClass,https://www.wikidata.org/wiki/Q19841381
http://dbpedia.org/ontology/CanadianFootballTeam,http://www.w3.org/2002/07/owl#equivalentClass,https://www.wikidata.org/wiki/Q17271186
http://dbpedia.org/ontology/Canoeist,http://www.w3.org/2002/07/owl#equivalentClass,https://www.wikidata.org/wiki/Q13382566
http://dbpedia.org/ontology/Canton,http://www.w3.org/2002/07/owl#equivalentClass,https://www.wikidata.org/wiki/Q23058
http://dbpedia.org/ontology/Cape,http://www.w3.org/2002/07/owl#equivalentClass,https://www.wikidata.org/wiki/Q185113
http://dbpedia.org/ontology/CapitalOfRegion,http://www.w3.org/2000/01/rdf-schema#subClassOf,https://www.wikidata.org/wiki/Q5119
http://dbpedia.org/ontology/CareerStation,http://www.w3.org/2004/02/skos/core#broader,https://www.wikidata.org/wiki/Q282049
http://dbpedia.org/ontology/Case,http://www.w3.org/2000/01/rdf-schema#subClassOf,https://www.wikidata.org/wiki/Q22006459
http://dbpedia.org/ontology/Caterer,http://www.w3.org/2002/07/owl#equivalentClass,https://www.wikidata.org/wiki/Q28869945
http://dbpedia.org/ontology/ChartsPlacements,http://www.w3.org/2004/02/skos/core#broader,https://www.wikidata.org/wiki/Q373899
http://dbpedia.org/ontology/ChessPlayer,http://www.w3.org/2002/07/owl#equivalentClass,https://www.wikidata.org/wiki/Q10873124
http://dbpedia.org/ontology/ChristianBishop,http://www.w3.org/2002/07/owl#equivalentClass,https://www.wikidata.org/wiki/Q29182
http://dbpedia.org/ontology/ChristianDoctrine,http://www.w3.org/2000/01/rdf-schema#subClassOf,https://www.wikidata.org/wiki/Q117850
http://dbpedia.org/ontology/ChristianPatriarch,http://www.w3.org/2002/07/owl#equivalentClass,https://www.wikidata.org/wiki/Q171692
http://dbpedia.org/ontology/CityDistrict,http://www.w3.org/2002/07/owl#equivalentClass,https://www.wikidata.org/wiki/Q15642599
http://dbpedia.org/ontology/ClassicalMusicArtist,http://www.w3.org/2000/01/rdf-schema#subClassOf,https://www.wikidata.org/wiki/Q639669
http://dbpedia.org/ontology/ClassicalMusicComposition,http://www.w3.org/2000/01/rdf-schema#subClassOf,https://www.wikidata.org/wiki/Q207628
http://dbpedia.org/ontology/ClericalAdministrativeRegion,http://www.w3.org/2000/01/rdf-schema#subClassOf,https://www.wikidata.org/wiki/Q3455524
http://dbpedia.org/ontology/ClericalOrder,http://www.w3.org/2002/07/owl#equivalentClass,https://www.wikidata.org/wiki/Q2061186
http://dbpedia.org/ontology/ClubMoss,http://www.w3.org/2000/01/rdf-schema#subClassOf,https://www.wikidata.org/wiki/Q25347
http://dbpedia.org/ontology/CoalPit,http://www.w3.org/2002/07/owl#equivalentClass,https://www.wikidata.org/wiki/Q959309
http://dbpedia.org/ontology/CollectionOfValuables,http://www.w3.org/2004/02/skos/core#broader,https://www.wikidata.org/wiki/Q208165
http://dbpedia.org/ontology/CollegeCoach,http://www.w3.org/2000/01/rdf-schema#subClassOf,https://www.wikidata.org/wiki/Q41583
http://dbpedia.org/ontology/ComedyGroup,http://www.w3.org/2002/07/owl#equivalentClass,https://www.wikidata.org/wiki/Q18510489
http://dbpedia.org/ontology/ComicStrip,http://www.w3.org/2002/07/owl#equivalentClass,https://www.wikidata.org/wiki/Q838795
http://dbpedia.org/ontology/ComicsCharacter,http://www.w3.org/2002/07/owl#equivalentClass,https://www.wikidata.org/wiki/Q1114461
http://dbpedia.org/ontology/Community,http://www.w3.org/2002/07/owl#equivalentClass,https://www.wikidata.org/wiki/Q177634
http://dbpedia.org/ontology/Competition,http://www.w3.org/2002/07/owl#equivalentClass,https://www.wikidata.org/wiki/Q15284
http://dbpedia.org/ontology/ControlledDesignationOfOriginWine,http://www.w3.org/2000/01/rdf-schema#subClassOf,https://www.wikidata.org/wiki/Q1420576
http://dbpedia.org/ontology/Convention,http://www.w3.org/2002/07/owl#equivalentClass,https://www.wikidata.org/wiki/Q625994
http://dbpedia.org/ontology/ConveyorSystem,http://www.w3.org/2002/07/owl#equivalentClass,https://www.wikidata.org/wiki/Q770135
http://dbpedia.org/ontology/CountrySeat,http://www.w3.org/2000/01/rdf-schema#subClassOf,https://www.wikidata.org/wiki/Q10630822
http://dbpedia.org/ontology/Creek,http://www.w3.org/2002/07/owl#equivalentClass,https://www.wikidata.org/wiki/Q47521
http://dbpedia.org/ontology/CricketGround,http://www.w3.org/2002/07/owl#equivalentClass,https://www.wikidata.org/wiki/Q682943
http://dbpedia.org/ontology/CricketLeague,http://www.w3.org/2002/07/owl#equivalentClass,https://www.wikidata.org/wiki/Q3521786
http://dbpedia.org/ontology/CricketTeam,http://www.w3.org/2002/07/owl#equivalentClass,https://www.wikidata.org/wiki/Q17376093
http://dbpedia.org/ontology/Cricketer,http://www.w3.org/2002/07/owl#equivalentClass,https://www.wikidata.org/wiki/Q12299841
http://dbpedia.org/ontology/CrossCountrySkier,http://www.w3.org/2002/07/owl#equivalentClass,https://www.wikidata.org/wiki/Q13382608
http://dbpedia.org/ontology/Curler,http://www.w3.org/2002/07/owl#equivalentClass,https://www.wikidata.org/wiki/Q17516936
http://dbpedia.org/ontology/CurlingLeague,http://www.w3.org/2000/01/rdf-schema#subClassOf,https://www.wikidata.org/wiki/Q623109
http://dbpedia.org/ontology/Cycad,http://www.w3.org/2002/07/owl#equivalentClass,https://www.wikidata.org/wiki/Q161073
http://dbpedia.org/ontology/CyclingCompetition,http://www.w3.org/2002/07/owl#equivalentClass,https://www.wikidata.org/wiki/Q15091377
http://dbpedia.org/ontology/CyclingLeague,http://www.w3.org/2000/01/rdf-schema#subClassOf,https://www.wikidata.org/wiki/Q623109
http://dbpedia.org/ontology/CyclingTeam,http://www.w3.org/2002/07/owl#equivalentClass,https://www.wikidata.org/wiki/Q1785271
http://dbpedia.org/ontology/Cyclist,http://www.w3.org/2002/07/owl#equivalentClass,https://www.wikidata.org/wiki/Q2125610
http://dbpedia.org/ontology/DTMRacer,http://www.w3.org/2002/07/owl#equivalentClass,https://www.wikidata.org/wiki/Q15958185
http://dbpedia.org/ontology/Dancer,http://www.w3.org/2002/07/owl#equivalentClass,https://www.wikidata.org/wiki/Q5716684
http://dbpedia.org/ontology/DartsPlayer,http://www.w3.org/2002/07/owl#equivalentClass,https://www.wikidata.org/wiki/Q18574233
http://dbpedia.org/ontology/Deanery,http://www.w3.org/2002/07/owl#equivalentClass,https://www.wikidata.org/wiki/Q385337
http://dbpedia.org/ontology/Depth,http://www.w3.org/2002/07/owl#equivalentClass,https://www.wikidata.org/wiki/Q1792720
http://dbpedia.org/ontology/Device,http://www.w3.org/2002/07/owl#equivalentClass,https://www.wikidata.org/wiki/Q1183543
http://dbpedia.org/ontology/DisneyCharacter,http://www.w3.org/2000/01/rdf-schema#subClassOf,https://www.wikidata.org/wiki/Q95074
http://dbpedia.org/ontology/DistrictWaterBoard,http://www.w3.org/2002/07/owl#equivalentClass,https://www.wikidata.org/wiki/Q27787408
http://dbpedia.org/ontology/Document,http://www.w3.org/2002/07/owl#equivalentClass,https://www.wikidata.org/wiki/Q49848
http://dbpedia.org/ontology/DocumentType,http://www.w3.org/2004/02/skos/core#broader,https://www.wikidata.org/wiki/Q49848
http://dbpedia.org/ontology/ElectionDiagram,http://www.w3.org/2000/01/rdf-schema#subClassOf,https://www.wikidata.org/wiki/Q959962
http://dbpedia.org/ontology/ElectricalSubstation,http://www.w3.org/2002/07/owl#equivalentClass,https://www.wikidata.org/wiki/Q174814
http://dbpedia.org/ontology/EmployersOrganisation,http://www.w3.org/2002/07/owl#equivalentClass,https://www.wikidata.org/wiki/Q627272
http://dbpedia.org/ontology/Engine,http://www.w3.org/2002/07/owl#equivalentClass,https://www.wikidata.org/wiki/Q44167
http://dbpedia.org/ontology/EurovisionSongContestEntry,http://www.w3.org/2004/02/skos/core#broader,https://www.wikidata.org/wiki/Q276
http://dbpedia.org/ontology/Fiefdom,http://www.w3.org/2002/07/owl#equivalentClass,https://www.wikidata.org/wiki/Q188063
http://dbpedia.org/ontology/FieldHockeyLeague,http://www.w3.org/2002/07/owl#equivalentClass,https://www.wikidata.org/wiki/Q8448926
http://dbpedia.org/ontology/File,http://www.w3.org/2002/07/owl#equivalentClass,https://www.wikidata.org/wiki/Q82753
http://dbpedia.org/ontology/FillingStation,http://www.w3.org/2002/07/owl#equivalentClass,https://www.wikidata.org/wiki/Q205495
http://dbpedia.org/ontology/FootballLeagueSeason,http://www.w3.org/2000/01/rdf-schema#subClassOf,https://www.wikidata.org/wiki/Q27020041
http://dbpedia.org/ontology/FootballMatch,http://www.w3.org/2002/07/owl#equivalentClass,https://www.wikidata.org/wiki/Q16466010
http://dbpedia.org/ontology/FormulaOneRacer,http://www.w3.org/2002/07/owl#equivalentClass,https://www.wikidata.org/wiki/Q10841764
http://dbpedia.org/ontology/FormulaOneRacing,http://www.w3.org/2004/02/skos/core#broader,https://www.wikidata.org/wiki/Q1968
http://dbpedia.org/ontology/FormulaOneTeam,http://www.w3.org/2000/01/rdf-schema#subClassOf,https://www.wikidata.org/wiki/Q20074337
http://dbpedia.org/ontology/Fort,http://www.w3.org/2002/07/owl#equivalentClass,https://www.wikidata.org/wiki/Q57821
http://dbpedia.org/ontology/GaelicGamesPlayer,http://www.w3.org/2004/02/skos/core#broader,https://www.wikidata.org/wiki/Q2447366
http://dbpedia.org/ontology/GeneLocation,http://www.w3.org/2002/07/owl#equivalentClass,https://www.wikidata.org/wiki/Q106227
http://dbpedia.org/ontology/GeopoliticalOrganisation,http://www.w3.org/2000/01/rdf-schema#subClassOf,https://www.wikidata.org/wiki/Q484652
http://dbpedia.org/ontology/Ginkgo,http://www.w3.org/2002/07/owl#equivalentClass,https://www.wikidata.org/wiki/Q43284
http://dbpedia.org/ontology/Globularswarm,http://www.w3.org/2002/07/owl#equivalentClass,https://www.wikidata.org/wiki/Q11276
http://dbpedia.org/ontology/Gnetophytes,http://www.w3.org/2002/07/owl#equivalentClass,https://www.wikidata.org/wiki/Q309147
http://dbpedia.org/ontology/GolfLeague,http://www.w3.org/2000/01/rdf-schema#subClassOf,https://www.wikidata.org/wiki/Q623109
http://dbpedia.org/ontology/GovernmentCabinet,http://www.w3.org/2002/07/owl#equivalentClass,https://www.wikidata.org/wiki/Q640506
http://dbpedia.org/ontology/GovernmentType,http://www.w3.org/2002/07/owl#equivalentClass,https://www.wikidata.org/wiki/Q1307214
http://dbpedia.org/ontology/GovernmentalAdministrativeRegion,http://www.w3.org/2002/07/owl#equivalentClass,https://www.wikidata.org/wiki/Q56061
http://dbpedia.org/ontology/GrandPrix,http://www.w3.org/2004/02/skos/core#broader,https://www.wikidata.org/wiki/Q500834
http://dbpedia.org/ontology/GraveMonument,http://www.w3.org/2002/07/owl#equivalentClass,https://www.wikidata.org/wiki/Q6023295
http://dbpedia.org/ontology/GreenAlga,http://www.w3.org/2002/07/owl#equivalentClass,https://www.wikidata.org/wiki/Q271844
http://dbpedia.org/ontology/GrossDomesticProductPerCapita,http://www.w3.org/2004/02/skos/core#broader,https://www.wikidata.org/wiki/Q12638
http://dbpedia.org/ontology/Group,http://www.w3.org/2002/07/owl#equivalentClass,https://www.wikidata.org/wiki/Q16334295
http://dbpedia.org/ontology/Gymnast,http://www.w3.org/2002/07/owl#equivalentClass,https://www.wikidata.org/wiki/Q13381572
http://dbpedia.org/ontology/HandballLeague,http://www.w3.org/2000/01/rdf-schema#subClassOf,https://www.wikidata.org/wiki/Q623109
http://dbpedia.org/ontology/HighDiver,http://www.w3.org/2002/07/owl#equivalentClass,https://www.wikidata.org/wiki/Q16004431
http://dbpedia.org/ontology/HistoricBuilding,http://www.w3.org/2000/01/rdf-schema#subClassOf,https://www.wikidata.org/wiki/Q1081138
http://dbpedia.org/ontology/HistoricPlace,http://www.w3.org/2002/07/owl#equivalentClass,https://www.wikidata.org/wiki/Q1081138
http://dbpedia.org/ontology/HistoricalAreaOfAuthority,http://www.w3.org/2000/01/rdf-schema#subClassOf,https://www.wikidata.org/wiki/Q3455524
http://dbpedia.org/ontology/HistoricalCountry,http://www.w3.org/2000/01/rdf-schema#subClassOf,https://www.wikidata.org/wiki/Q6256
http://dbpedia.org/ontology/HistoricalDistrict,http://www.w3.org/2000/01/rdf-schema#subClassOf,https://www.wikidata.org/wiki/Q15642599
http://dbpedia.org/ontology/HistoricalProvince,http://www.w3.org/2000/01/rdf-schema#subClassOf,https://www.wikidata.org/wiki/Q34876
http://dbpedia.org/ontology/HistoricalSettlement,http://www.w3.org/2000/01/rdf-schema#subClassOf,https://www.wikidata.org/wiki/Q486972
http://dbpedia.org/ontology/HockeyClub,http://www.w3.org/2002/07/owl#equivalentClass,https://www.wikidata.org/wiki/Q4498974
http://dbpedia.org/ontology/HollywoodCartoon,http://www.w3.org/2000/01/rdf-schema#subClassOf,https://www.wikidata.org/wiki/Q11425
http://dbpedia.org/ontology/HorseRider,http://www.w3.org/2002/07/owl#equivalentClass,https://www.wikidata.org/wiki/Q2730732
http://dbpedia.org/ontology/HorseTrainer,http://www.w3.org/2002/07/owl#equivalentClass,https://www.wikidata.org/wiki/Q466640
http://dbpedia.org/ontology/Host,http://www.w3.org/2002/07/owl#equivalentClass,https://www.wikidata.org/wiki/Q947873
http://dbpedia.org/ontology/HumanDevelopmentIndex,http://www.w3.org/2002/07/owl#equivalentClass,https://www.wikidata.org/wiki/Q38994
http://dbpedia.org/ontology/HumanGene,http://www.w3.org/2000/01/rdf-schema#subClassOf,https://www.wikidata.org/wiki/Q7187
http://dbpedia.org/ontology/HumanGeneLocation,http://www.w3.org/2000/01/rdf-schema#subClassOf,https://www.wikidata.org/wiki/Q106227
http://dbpedia.org/ontology/Humorist,http://www.w3.org/2002/07/owl#equivalentClass,https://www.wikidata.org/wiki/Q12406482
http://dbpedia.org/ontology/IceHockeyLeague,http://www.w3.org/2000/01/rdf-schema#subClassOf,https://www.wikidata.org/wiki/Q623109
http://dbpedia.org/ontology/Image,http://www.w3.org/2002/07/owl#equivalentClass,https://www.wikidata.org/wiki/Q478798
http://dbpedia.org/ontology/InlineHockeyLeague,http://www.w3.org/2000/01/rdf-schema#subClassOf,https://www.wikidata.org/wiki/Q623109
http://dbpedia.org/ontology/InternationalFootballLeagueEvent,http://www.w3.org/2002/07/owl#equivalentClass,https://www.wikidata.org/wiki/Q16510064
http://dbpedia.org/ontology/InternationalOrganisation,http://www.w3.org/2002/07/owl#equivalentClass,https://www.wikidata.org/wiki/Q484652
http://dbpedia.org/ontology/LacrosseLeague,http://www.w3.org/2000/01/rdf-schema#subClassOf,https://www.wikidata.org/wiki/Q623109
http://dbpedia.org/ontology/LacrossePlayer,http://www.w3.org/2002/07/owl#equivalentClass,https://www.wikidata.org/wiki/Q17682262
http://dbpedia.org/ontology/LifeCycleEvent,http://www.w3.org/2004/02/skos/core#broader,https://www.wikidata.org/wiki/Q513359
http://dbpedia.org/ontology/LineOfFashion,http://www.w3.org/2002/07/owl#equivalentClass,https://www.wikidata.org/wiki/Q5436779
http://dbpedia.org/ontology/Lipid,http://www.w3.org/2002/07/owl#equivalentClass,https://www.wikidata.org/wiki/Q11367
http://dbpedia.org/ontology/LiteraryGenre,http://www.w3.org/2002/07/owl#equivalentClass,https://www.wikidata.org/wiki/Q223393
http://dbpedia.org/ontology/Lock,http://www.w3.org/2002/07/owl#equivalentClass,https://www.wikidata.org/wiki/Q105731
http://dbpedia.org/ontology/MartialArtist,http://www.w3.org/2002/07/owl#equivalentClass,https://www.wikidata.org/wiki/Q11124885
http://dbpedia.org/ontology/MathematicalConcept,http://www.w3.org/2002/07/owl#equivalentClass,https://www.wikidata.org/wiki/Q24034552
http://dbpedia.org/ontology/MeanOfTransportation,http://www.w3.org/2002/07/owl#equivalentClass,https://www.wikidata.org/wiki/Q334166
http://dbpedia.org/ontology/Medician,http://www.w3.org/2002/07/owl#equivalentClass,https://www.wikidata.org/wiki/Q4915128
http://dbpedia.org/ontology/MemberResistanceMovement,http://www.w3.org/2002/07/owl#equivalentClass,https://www.wikidata.org/wiki/Q1397808
http://dbpedia.org/ontology/Memorial,http://www.w3.org/2002/07/owl#equivalentClass,https://www.wikidata.org/wiki/Q5003624
http://dbpedia.org/ontology/MicroRegion,http://www.w3.org/2002/07/owl#equivalentClass,https://www.wikidata.org/wiki/Q5144960
http://dbpedia.org/ontology/MilitaryAircraft,http://www.w3.org/2002/07/owl#equivalentClass,https://www.wikidata.org/wiki/Q216916
http://dbpedia.org/ontology/MilitaryConflict,http://www.w3.org/2002/07/owl#equivalentClass,https://www.wikidata.org/wiki/Q198
http://dbpedia.org/ontology/MilitaryPerson,http://www.w3.org/2002/07/owl#equivalentClass,https://www.wikidata.org/wiki/Q47064
http://dbpedia.org/ontology/MilitaryStructure,http://www.w3.org/2002/07/owl#equivalentClass,https://www.wikidata.org/wiki/Q15627509
http://dbpedia.org/ontology/MilitaryVehicle,http://www.w3.org/2002/07/owl#equivalentClass,https://www.wikidata.org/wiki/Q1184840
http://dbpedia.org/ontology/Mine,http://www.w3.org/2002/07/owl#equivalentClass,https://www.wikidata.org/wiki/Q820477
http://dbpedia.org/ontology/MixedMartialArtsEvent,http://www.w3.org/2004/02/skos/core#broader,https://www.wikidata.org/wiki/Q114466
http://dbpedia.org/ontology/MixedMartialArtsLeague,http://www.w3.org/2000/01/rdf-schema#subClassOf,https://www.wikidata.org/wiki/Q623109
http://dbpedia.org/ontology/MotocycleRacer,http://www.w3.org/2002/07/owl#equivalentClass,https://www.wikidata.org/wiki/Q3014296
http://dbpedia.org/ontology/MotorRace,http://www.w3.org/2002/07/owl#equivalentClass,https://www.wikidata.org/wiki/Q17163326
http://dbpedia.org/ontology/MotorcycleRacingLeague,http://www.w3.org/2000/01/rdf-schema#subClassOf,https://www.wikidata.org/wiki/Q623109
http://dbpedia.org/ontology/MotorcycleRider,http://www.w3.org/2004/02/skos/core#broader,https://www.wikidata.org/wiki/Q34493
http://dbpedia.org/ontology/MotorsportRacer,http://www.w3.org/2002/07/owl#equivalentClass,https://www.wikidata.org/wiki/Q378622
http://dbpedia.org/ontology/MotorsportSeason,http://www.w3.org/2000/01/rdf-schema#subClassOf,https://www.wikidata.org/wiki/Q1539532
http://dbpedia.org/ontology/MouseGene,http://www.w3.org/2000/01/rdf-schema#subClassOf,https://www.wikidata.org/wiki/Q7020
http://dbpedia.org/ontology/MouseGeneLocation,http://www.w3.org/2000/01/rdf-schema#subClassOf,https://www.wikidata.org/wiki/Q106227
http://dbpedia.org/ontology/MovingImage,http://www.w3.org/2002/07/owl#equivalentClass,https://www.wikidata.org/wiki/Q11424
http://dbpedia.org/ontology/MovingWalkway,http://www.w3.org/2002/07/owl#equivalentClass,https://www.wikidata.org/wiki/Q847580
http://dbpedia.org/ontology/MultiVolumePublication,http://www.w3.org/2000/01/rdf-schema#subClassOf,https://www.wikidata.org/wiki/Q732577
http://dbpedia.org/ontology/Municipality,http://www.w3.org/2002/07/owl#equivalentClass,https://www.wikidata.org/wiki/Q15284
http://dbpedia.org/ontology/MusicalArtist,http://www.w3.org/2002/07/owl#equivalentClass,https://www.wikidata.org/wiki/Q639669
http://dbpedia.org/ontology/NCAATeamSeason,http://www.w3.org/2000/01/rdf-schema#subClassOf,https://www.wikidata.org/wiki/Q1539532
http://dbpedia.org/ontology/NarutoCharacter,http://www.w3.org/2000/01/rdf-schema#subClassOf,https://www.wikidata.org/wiki/Q95074
http://dbpedia.org/ontology/NascarDriver,http://www.w3.org/2000/01/rdf-schema#subClassOf,https://www.wikidata.org/wiki/Q15958185
http://dbpedia.org/ontology/NationalCollegiateAthleticAssociationAthlete,http://www.w3.org/2002/07/owl#equivalentClass,https://www.wikidata.org/wiki/Q271805
http://dbpedia.org/ontology/NationalFootballLeagueEvent,http://www.w3.org/2002/07/owl#equivalentClass,https://www.wikidata.org/wiki/Q1215884
http://dbpedia.org/ontology/NationalFootballLeagueSeason,http://www.w3.org/2000/01/rdf-schema#subClassOf,https://www.wikidata.org/wiki/Q1539532
http://dbpedia.org/ontology/NationalSoccerClub,http://www.w3.org/2000/01/rdf-schema#subClassOf,https://www.wikidata.org/wiki/Q476028
http://dbpedia.org/ontology/NaturalEvent,http://www.w3.org/2002/07/owl#equivalentClass,https://www.wikidata.org/wiki/Q1322005
http://dbpedia.org/ontology/NaturalPlace,http://www.w3.org/2002/07/owl#equivalentClass,https://www.wikidata.org/wiki/Q2221906
http://dbpedia.org/ontology/NetballPlayer,http://www.w3.org/2002/07/owl#equivalentClass,https://www.wikidata.org/wiki/Q17619498
http://dbpedia.org/ontology/Noble,http://www.w3.org/2002/07/owl#equivalentClass,https://www.wikidata.org/wiki/Q16744001
http://dbpedia.org/ontology/NordicCombined,http://www.w3.org/2002/07/owl#equivalentClass,https://www.wikidata.org/wiki/Q201965
http://dbpedia.org/ontology/OfficeHolder,http://www.w3.org/2002/07/owl#equivalentClass,https://www.wikidata.org/wiki/Q7079102
http://dbpedia.org/ontology/OldTerritory,http://www.w3.org/2000/01/rdf-schema#subClassOf,https://www.wikidata.org/wiki/Q183366
http://dbpedia.org/ontology/OlympicEvent,http://www.w3.org/2004/02/skos/core#broader,https://www.wikidata.org/wiki/Q5389
http://dbpedia.org/ontology/OlympicResult,http://www.w3.org/2000/01/rdf-schema#subClassOf,https://www.wikidata.org/wiki/Q7435308
http://dbpedia.org/ontology/On-SiteTransportation,http://www.w3.org/2000/01/rdf-schema#subClassOf,https://www.wikidata.org/wiki/Q334166
http://dbpedia.org/ontology/Openswarm,http://www.w3.org/2002/07/owl#equivalentClass,https://www.wikidata.org/wiki/Q17630870
http://dbpedia.org/ontology/OrganisationMember,http://www.w3.org/2002/07/owl#equivalentClass,https://www.wikidata.org/wiki/Q9200127
http://dbpedia.org/ontology/PaintballLeague,http://www.w3.org/2000/01/rdf-schema#subClassOf,https://www.wikidata.org/wiki/Q623109
http://dbpedia.org/ontology/PenaltyShootOut,http://www.w3.org/2002/07/owl#equivalentClass,https://www.wikidata.org/wiki/Q2691960
http://dbpedia.org/ontology/PeriodOfArtisticStyle,http://www.w3.org/2002/07/owl#equivalentClass,https://www.wikidata.org/wiki/Q1774292
http://dbpedia.org/ontology/PersonFunction,http://www.w3.org/2002/07/owl#equivalentClass,https://www.wikidata.org/wiki/Q4164871
http://dbpedia.org/ontology/PersonalEvent,http://www.w3.org/2000/01/rdf-schema#subClassOf,https://www.wikidata.org/wiki/Q1190554
http://dbpedia.org/ontology/PhilosophicalConcept,http://www.w3.org/2002/07/owl#equivalentClass,https://www.wikidata.org/wiki/Q33104279
http://dbpedia.org/ontology/PlayboyPlaymate,http://www.w3.org/2002/07/owl#equivalentClass,https://www.wikidata.org/wiki/Q728711
http://dbpedia.org/ontology/PokerPlayer,http://www.w3.org/2002/07/owl#equivalentClass,https://www.wikidata.org/wiki/Q15295720
http://dbpedia.org/ontology/PoliticalConcept,http://www.w3.org/2002/07/owl#equivalentClass,https://www.wikidata.org/wiki/Q33104069
http://dbpedia.org/ontology/PoliticalFunction,http://www.w3.org/2004/02/skos/core#broader,https://www.wikidata.org/wiki/Q7163
http://dbpedia.org/ontology/PoliticianSpouse,http://www.w3.org/2000/01/rdf-schema#subClassOf,https://www.wikidata.org/wiki/Q1196129
http://dbpedia.org/ontology/PoloLeague,http://www.w3.org/2002/07/owl#equivalentClass,https://www.wikidata.org/wiki/Q623109
http://dbpedia.org/ontology/PopulatedPlace,http://www.w3.org/2002/07/owl#equivalentClass,https://www.wikidata.org/wiki/Q3257686
http://dbpedia.org/ontology/PrehistoricalPeriod,http://www.w3.org/2002/07/owl#equivalentClass,https://www.wikidata.org/wiki/Q15401633
http://dbpedia.org/ontology/PrimeMinister,http://www.w3.org/2002/07/owl#equivalentClass,https://www.wikidata.org/wiki/Q14212
http://dbpedia.org/ontology/ProtohistoricalPeriod,http://www.w3.org/2004/02/skos/core#broader,https://www.wikidata.org/wiki/Q695827
http://dbpedia.org/ontology/Province,http://www.w3.org/2002/07/owl#equivalentClass,https://www.wikidata.org/wiki/Q34876
http://dbpedia.org/ontology/PublicTransitSystem,http://www.w3.org/2002/07/owl#equivalentClass,https://www.wikidata.org/wiki/Q178512
http://dbpedia.org/ontology/Quote,http://www.w3.org/2002/07/owl#equivalentClass,https://www.wikidata.org/wiki/Q206287
http://dbpedia.org/ontology/RaceHorse,http://www.w3.org/2002/07/owl#equivalentClass,https://www.wikidata.org/wiki/Q10855242
http://dbpedia.org/ontology/RadioControlledRacingLeague,http://www.w3.org/2000/01/rdf-schema#subClassOf,https://www.wikidata.org/wiki/Q623109
http://dbpedia.org/ontology/RadioStation,http://www.w3.org/2002/07/owl#equivalentClass,https://www.wikidata.org/wiki/Q1474493
http://dbpedia.org/ontology/Ratio,http://www.w3.org/2002/07/owl#equivalentClass,https://www.wikidata.org/wiki/Q3481047
http://dbpedia.org/ontology/RecordOffice,http://www.w3.org/2002/07/owl#equivalentClass,https://www.wikidata.org/wiki/Q1505035
http://dbpedia.org/ontology/Regency,http://www.w3.org/2002/07/owl#equivalentClass,https://www.wikidata.org/wiki/Q173843
http://dbpedia.org/ontology/Relationship,http://www.w3.org/2002/07/owl#equivalentClass,https://www.wikidata.org/wiki/Q930933
http://dbpedia.org/ontology/ReligiousOrganisation,http://www.w3.org/2002/07/owl#equivalentClass,https://www.wikidata.org/wiki/Q1530022
http://dbpedia.org/ontology/RestArea,http://www.w3.org/2002/07/owl#equivalentClass,https://www.wikidata.org/wiki/Q786014
http://dbpedia.org/ontology/Resume,http://www.w3.org/2002/07/owl#equivalentClass,https://www.wikidata.org/wiki/Q950511
http://dbpedia.org/ontology/RoadJunction,http://www.w3.org/2002/07/owl#equivalentClass,https://www.wikidata.org/wiki/Q1788454
http://dbpedia.org/ontology/RocketEngine,http://www.w3.org/2002/07/owl#equivalentClass,https://www.wikidata.org/wiki/Q335225
http://dbpedia.org/ontology/RouteOfTransportation,http://www.w3.org/2002/07/owl#equivalentClass,https://www.wikidata.org/wiki/Q1297806
http://dbpedia.org/ontology/RouteStop,http://www.w3.org/2004/02/skos/core#broader,https://www.wikidata.org/wiki/Q61509
http://dbpedia.org/ontology/RugbyClub,http://www.w3.org/2002/07/owl#equivalentClass,https://www.wikidata.org/wiki/Q14645593
http://dbpedia.org/ontology/SambaSchool,http://www.w3.org/2002/07/owl#equivalentClass,https://www.wikidata.org/wiki/Q2641403
http://dbpedia.org/ontology/ScientificConcept,http://www.w3.org/2000/01/rdf-schema#subClassOf,https://en.wikipedia.org/wiki/Concept
http://dbpedia.org/ontology/Sculptor,http://www.w3.org/2002/07/owl#equivalentClass,https://www.wikidata.org/wiki/Q1281618
http://dbpedia.org/ontology/Senator,http://www.w3.org/2002/07/owl#equivalentClass,https://www.wikidata.org/wiki/Q15686806
http://dbpedia.org/ontology/SkiArea,http://www.w3.org/2002/07/owl#equivalentClass,https://www.wikidata.org/wiki/Q23307699
http://dbpedia.org/ontology/Ski_jumper,http://www.w3.org/2002/07/owl#equivalentClass,https://www.wikidata.org/wiki/Q13382603
http://dbpedia.org/ontology/SnookerChamp,http://www.w3.org/2000/01/rdf-schema#subClassOf,https://www.wikidata.org/wiki/Q17165321
http://dbpedia.org/ontology/SnookerPlayer,http://www.w3.org/2002/07/owl#equivalentClass,https://www.wikidata.org/wiki/Q17165321
http://dbpedia.org/ontology/SnookerWorldRanking,http://www.w3.org/2002/07/owl#equivalentClass,https://www.wikidata.org/wiki/Q2143591
http://dbpedia.org/ontology/SoapCharacter,http://www.w3.org/2000/01/rdf-schema#subClassOf,https://www.wikidata.org/wiki/Q95074
http://dbpedia.org/ontology/SoccerClubSeason,http://www.w3.org/2000/01/rdf-schema#subClassOf,https://www.wikidata.org/wiki/Q1539532
http://dbpedia.org/ontology/SoccerLeague,http://www.w3.org/2000/01/rdf-schema#subClassOf,https://www.wikidata.org/wiki/Q623109
http://dbpedia.org/ontology/SoccerLeagueSeason,http://www.w3.org/2000/01/rdf-schema#subClassOf,https://www.wikidata.org/wiki/Q27020041
http://dbpedia.org/ontology/SoccerTournament,http://www.w3.org/2002/07/owl#equivalentClass,https://www.wikidata.org/wiki/Q1478437
http://dbpedia.org/ontology/SocietalEvent,http://www.w3.org/2000/01/rdf-schema#subClassOf,https://www.wikidata.org/wiki/Q1656682
http://dbpedia.org/ontology/SoftballLeague,http://www.w3.org/2000/01/rdf-schema#subClassOf,https://www.wikidata.org/wiki/Q623109
http://dbpedia.org/ontology/Species,http://www.w3.org/2002/07/owl#equivalentClass,https://www.wikidata.org/wiki/Q7432
http://dbpedia.org/ontology/SpeedSkater,http://www.w3.org/2002/07/owl#equivalentClass,https://www.wikidata.org/wiki/Q10866633
http://dbpedia.org/ontology/SpeedwayLeague,http://www.w3.org/2000/01/rdf-schema#subClassOf,https://www.wikidata.org/wiki/Q623109
http://dbpedia.org/ontology/SpeedwayRider,http://www.w3.org/2000/01/rdf-schema#subClassOf,https://www.wikidata.org/wiki/Q15958185
http://dbpedia.org/ontology/SpeedwayTeam,http://www.w3.org/2000/01/rdf-schema#subClassOf,https://www.wikidata.org/wiki/Q12973014
http://dbpedia.org/ontology/SportCompetitionResult,http://www.w3.org/2004/02/skos/core#broader,https://www.wikidata.org/wiki/Q13406554
http://dbpedia.org/ontology/SportFacility,http://www.w3.org/2002/07/owl#equivalentClass,https://www.wikidata.org/wiki/Q1076486
http://dbpedia.org/ontology/SportsClub,http://www.w3.org/2002/07/owl#equivalentClass,https://www.wikidata.org/wiki/Q847017
http://dbpedia.org/ontology/SportsEvent,http://www.w3.org/2002/07/owl#equivalentClass,https://www.wikidata.org/wiki/Q16510064
http://dbpedia.org/ontology/SportsManager,http://www.w3.org/2002/07/owl#equivalentClass,https://www.wikidata.org/wiki/Q26481809
http://dbpedia.org/ontology/SportsSeason,http://www.w3.org/2002/07/owl#equivalentClass,https://www.wikidata.org/wiki/Q1539532
http://dbpedia.org/ontology/SportsTeam,http://www.w3.org/2002/07/owl#equivalentClass,https://www.wikidata.org/wiki/Q12973014
http://dbpedia.org/ontology/SportsTeamMember,http://www.w3.org/2000/01/rdf-schema#subClassOf,https://www.wikidata.org/wiki/Q2066131
http://dbpedia.org/ontology/SportsTeamSeason,http://www.w3.org/2004/02/skos/core#broader,https://www.wikidata.org/wiki/Q1539532
http://dbpedia.org/ontology/Standard,http://www.w3.org/2002/07/owl#equivalentClass,https://www.wikidata.org/wiki/Q317623
http://dbpedia.org/ontology/StatedResolution,http://www.w3.org/2000/01/rdf-schema#subClassOf,https://www.wikidata.org/wiki/Q7958
http://dbpedia.org/ontology/StillImage,http://www.w3.org/2002/07/owl#equivalentClass,https://www.wikidata.org/wiki/Q17538176
http://dbpedia.org/ontology/SubMunicipality,http://www.w3.org/2000/01/rdf-schema#subClassOf,https://www.wikidata.org/wiki/Q15284
http://dbpedia.org/ontology/SumoWrestler,http://www.w3.org/2002/07/owl#equivalentClass,https://www.wikidata.org/wiki/Q2727289
http://dbpedia.org/ontology/SupremeCourtOfTheUnitedStatesCase,http://www.w3.org/2002/07/owl#equivalentClass,https://www.wikidata.org/wiki/Q11201
http://dbpedia.org/ontology/Surname,http://www.w3.org/2002/07/owl#equivalentClass,https://www.wikidata.org/wiki/Q101352
http://dbpedia.org/ontology/Swarm,http://www.w3.org/2000/01/rdf-schema#subClassOf,https://www.wikidata.org/wiki/Q168845
http://dbpedia.org/ontology/SystemOfLaw,http://www.w3.org/2002/07/owl#equivalentClass,https://www.wikidata.org/wiki/Q858700
http://dbpedia.org/ontology/TeamMember,http://www.w3.org/2000/01/rdf-schema#subClassOf,https://www.wikidata.org/wiki/Q379825
http://dbpedia.org/ontology/TeamSport,http://www.w3.org/2002/07/owl#equivalentClass,https://www.wikidata.org/wiki/Q216048
http://dbpedia.org/ontology/TelevisionDirector,http://www.w3.org/2002/07/owl#equivalentClass,https://www.wikidata.org/wiki/Q2059704
http://dbpedia.org/ontology/TelevisionEpisode,http://www.w3.org/2002/07/owl#equivalentClass,https://www.wikidata.org/wiki/Q21191270
http://dbpedia.org/ontology/TelevisionPersonality,http://www.w3.org/2002/07/owl#equivalentClass,https://www.wikidata.org/wiki/Q947873
http://dbpedia.org/ontology/TelevisionSeason,http://www.w3.org/2002/07/owl#equivalentClass,https://www.wikidata.org/wiki/Q3464665
http://dbpedia.org/ontology/Temple,http://www.w3.org/2002/07/owl#equivalentClass,https://www.wikidata.org/wiki/Q44539
http://dbpedia.org/ontology/TennisLeague,http://www.w3.org/2000/01/rdf-schema#subClassOf,https://www.wikidata.org/wiki/Q623109
http://dbpedia.org/ontology/TheologicalConcept,http://www.w3.org/2004/02/skos/core#broader,https://www.wikidata.org/wiki/Q34178
http://dbpedia.org/ontology/TimePeriod,http://www.w3.org/2002/07/owl#equivalentClass,https://www.wikidata.org/wiki/Q186081
http://dbpedia.org/ontology/TopicalConcept,http://www.w3.org/2000/01/rdf-schema#subClassOf,https://www.wikidata.org/wiki/Q151885
http://dbpedia.org/ontology/TrackList,http://www.w3.org/2000/01/rdf-schema#subClassOf,https://www.wikidata.org/wiki/Q12139612
http://dbpedia.org/ontology/TrainCarriage,http://www.w3.org/2002/07/owl#equivalentClass,https://www.wikidata.org/wiki/Q208502
http://dbpedia.org/ontology/TramStation,http://www.w3.org/2002/07/owl#equivalentClass,https://www.wikidata.org/wiki/Q2175765
http://dbpedia.org/ontology/UndergroundJournal,http://www.w3.org/2000/01/rdf-schema#subClassOf,https://www.wikidata.org/wiki/Q49850
http://dbpedia.org/ontology/UnitOfWork,http://www.w3.org/2004/02/skos/core#broader,https://www.wikidata.org/wiki/Q14532655
http://dbpedia.org/ontology/Venue,http://www.w3.org/2002/07/owl#equivalentClass,https://www.wikidata.org/wiki/Q13226383
http://dbpedia.org/ontology/VicePrimeMinister,http://www.w3.org/2002/07/owl#equivalentClass,https://www.wikidata.org/wiki/Q877955
http://dbpedia.org/ontology/VideogamesLeague,http://www.w3.org/2000/01/rdf-schema#subClassOf,https://www.wikidata.org/wiki/Q623109
http://dbpedia.org/ontology/VolleyballCoach,http://www.w3.org/2002/07/owl#equivalentClass,https://www.wikidata.org/wiki/Q20730881
http://dbpedia.org/ontology/VolleyballLeague,http://www.w3.org/2000/01/rdf-schema#subClassOf,https://www.wikidata.org/wiki/Q623109
http://dbpedia.org/ontology/WaterPoloPlayer,http://www.w3.org/2002/07/owl#equivalentClass,https://www.wikidata.org/wiki/Q17524364
http://dbpedia.org/ontology/WaterwayTunnel,http://www.w3.org/2002/07/owl#equivalentClass,https://www.wikidata.org/wiki/Q5031071
http://dbpedia.org/ontology/WineRegion,http://www.w3.org/2002/07/owl#equivalentClass,https://www.wikidata.org/wiki/Q2140699
http://dbpedia.org/ontology/WinterSportPlayer,http://www.w3.org/2002/07/owl#equivalentClass,https://www.wikidata.org/wiki/Q20965770
http://dbpedia.org/ontology/WomensTennisAssociationTournament,http://www.w3.org/2002/07/owl#equivalentClass,https://www.wikidata.org/wiki/Q26836193
http://dbpedia.org/ontology/WrestlingEvent,http://www.w3.org/2002/07/owl#equivalentClass,https://www.wikidata.org/wiki/Q21156425
http://dbpedia.org/ontology/WrittenWork,http://www.w3.org/2002/07/owl#equivalentClass,https://www.wikidata.org/wiki/Q7725634
http://dbpedia.org/ontology/YearInSpaceflight,http://www.w3.org/2000/01/rdf-schema#subClassOf,https://www.wikidata.org/wiki/Q186081